<?xml version="1.0"?>
<doc>
    <assembly>
        <name>BroMaker</name>
    </assembly>
    <members>
        <member name="T:BroMakerLib.Assets">
            <summary>
            Assets collection of the mod
            </summary>
        </member>
        <member name="P:BroMakerLib.Assets.DefaultGrenadeIcon">
            <summary>
            Default special icon. Enabled if the given one is null.
            </summary>
        </member>
        <member name="P:BroMakerLib.Assets.EmptyAvatar">
            <summary>
            Default avatar. Enabled if the given one is null.
            </summary>
        </member>
        <member name="P:BroMakerLib.Assets.EmptyCharacter">
            <summary>
            Empty character material.
            </summary>
        </member>
        <member name="P:BroMakerLib.Assets.EmptyGun">
            <summary>
            Empty gun material.
            </summary>
        </member>
        <member name="T:BroMakerLib.BroMaker">
             <summary>
            
             </summary>
        </member>
        <member name="P:BroMakerLib.BroMaker.Shader1">
             <summary>
            
             </summary>
        </member>
        <member name="M:BroMakerLib.BroMaker.FindGameObject``1">
             <summary>
            
             </summary>
             <typeparam name="T"></typeparam>
             <returns></returns>
        </member>
        <member name="M:BroMakerLib.BroMaker.CreateMaterialFromFile(System.String)">
            <summary>
            Create a material from a file with a specific shader
            </summary>
            <param name="ImagePath"></param>
            <returns></returns>
        </member>
        <member name="M:BroMakerLib.BroMaker.CreateMaterialFromFile(System.String,UnityEngine.Shader)">
            <summary>
            Create a material from a file with a specific shader
            </summary>
            <param name="ImagePath"></param>
            <param name="shader"></param>
            <returns></returns>
        </member>
        <member name="T:BroMakerLib.BroBaseMaker">
            <summary>
            Base class of custom character
            </summary>
        </member>
        <member name="P:BroMakerLib.BroBaseMaker.bm_DefaultMaterial">
            <summary>
            Default material for the sprite
            </summary>
        </member>
        <member name="P:BroMakerLib.BroBaseMaker.Sprite">
            <summary>
            Sprite of the bro
            </summary>
        </member>
        <member name="F:BroMakerLib.BroBaseMaker.bm_DefaultGunMaterial">
            <summary>
            Default material for gun sprite
            </summary>
        </member>
        <member name="F:BroMakerLib.BroBaseMaker.bm_avatarMaterial">
            <summary>
            Default material for avatar
            </summary>
        </member>
        <member name="F:BroMakerLib.BroBaseMaker.bm_ammoMaterial">
            <summary>
            Default material for ammo icon
            </summary>
        </member>
        <member name="F:BroMakerLib.BroBaseMaker.bm_secondMaterial">
            <summary>
            Default material for a second sprite
            </summary>
        </member>
        <member name="F:BroMakerLib.BroBaseMaker.bm_secondGunMaterial">
            <summary>
            Default material for a second gun sprite
            </summary>
        </member>
        <member name="F:BroMakerLib.BroBaseMaker.bm_bulletShell">
             <summary>
            
             </summary>
        </member>
        <member name="F:BroMakerLib.BroBaseMaker.bm_IsInGame">
             <summary>
            
             </summary>
        </member>
        <member name="F:BroMakerLib.BroBaseMaker.bm_originalSpeed">
            <summary>
            original speed of the character
            </summary>
        </member>
        <member name="F:BroMakerLib.BroBaseMaker.bm_fireCount">
             <summary>
            
             </summary>
        </member>
        <member name="F:BroMakerLib.BroBaseMaker.bm_ProjectileXRange">
            <summary>
            Change the range of the projectile. 400 is default
            </summary>
        </member>
        <member name="F:BroMakerLib.BroBaseMaker.meleeHolder">
             <summary>
            
             </summary>
        </member>
        <member name="M:BroMakerLib.BroBaseMaker.bm_SetupBro(Player)">
            <summary>
            This function is for setup the bro.
            </summary>
        </member>
        <member name="M:BroMakerLib.BroBaseMaker.Awake">
            <summary>
            Awake is called when the script instance is being loaded. (Unity)
            </summary>
        </member>
        <member name="M:BroMakerLib.BroBaseMaker.Start">
            <summary>
            Start is called on the frame when a script is enabled just before any of the Update methods are called the first time. (Unity)
            </summary>
        </member>
        <member name="M:BroMakerLib.BroBaseMaker.CheckRescues">
             <summary>
            
             </summary>
        </member>
        <member name="M:BroMakerLib.BroBaseMaker.RunGun">
             <summary>
            
             </summary>
        </member>
        <member name="M:BroMakerLib.BroBaseMaker.UseFire">
            <summary>
            Call when fire is pressed
            </summary>
        </member>
        <member name="M:BroMakerLib.BroBaseMaker.FireWeapon(System.Single,System.Single,System.Single,System.Single)">
            <summary>
            Call when the weapon shoot.
            </summary>
            <param name="x"></param>
            <param name="y"></param>
            <param name="xSpeed"></param>
            <param name="ySpeed"></param>
        </member>
        <member name="M:BroMakerLib.BroBaseMaker.bm_ShotgunShot(Projectile,System.Single,System.Single,System.Single,System.Single)">
            <summary>
            Shoot like a shotgun
            </summary>
            <param name="projectile"></param>
            <param name="x"></param>
            <param name="y"></param>
            <param name="xSpeed"></param>
            <param name="ySpeed"></param>
        </member>
        <member name="F:BroMakerLib.BroBaseMaker.bm_burstShotsLeft">
            <summary>
            Number of burst shots.
            </summary>
        </member>
        <member name="F:BroMakerLib.BroBaseMaker.bm_burstFireCounter">
             <summary>
            
             </summary>
        </member>
        <member name="F:BroMakerLib.BroBaseMaker.bm_burstShotsFireInterval">
            <summary>
            Time between burst shots
            </summary>
        </member>
        <member name="M:BroMakerLib.BroBaseMaker.bm_BurstShots">
            <summary>
            Burst
            </summary>
        </member>
        <member name="M:BroMakerLib.BroBaseMaker.Update">
             <summary>
            
             </summary>
        </member>
        <member name="M:BroMakerLib.BroBaseMaker.bm_DestroyBro">
            <summary>
            Call to destroy the bro
            </summary>
        </member>
        <member name="M:BroMakerLib.BroBaseMaker.DestroyCharacter">
             <summary>
            
             </summary>
        </member>
        <member name="M:BroMakerLib.BroBaseMaker.DestroyUnit">
             <summary>
            
             </summary>
        </member>
        <member name="T:BroMakerLib.MeleeHolder">
             <summary>
            
             </summary>
        </member>
        <member name="F:BroMakerLib.MeleeHolder.character">
             <summary>
            
             </summary>
        </member>
        <member name="M:BroMakerLib.MeleeHolder.StartMelee(BroBase.MeleeType)">
             <summary>
            
             </summary>
             <param name="meleeType"></param>
        </member>
        <member name="T:BroMakerLib.NewBroInfo">
            <summary>
            Class to add a new character
            </summary>
        </member>
        <member name="F:BroMakerLib.NewBroInfo.broType">
            <summary>
            The class of the bro
            </summary>
        </member>
        <member name="F:BroMakerLib.NewBroInfo.name">
            <summary>
            Name of the bro
            </summary>
        </member>
        <member name="F:BroMakerLib.NewBroInfo.Swaped">
            <summary>
            Is fighting terrorist in game?
            </summary>
        </member>
        <member name="M:BroMakerLib.NewBroInfo.#ctor(System.Type,System.String)">
            <summary>
            Add a new character
            </summary>
            <param name="broType">class of the bro</param>
            <param name="_name">Name</param>
        </member>
        <member name="M:BroMakerLib.NewBroInfo.Spawn(System.Int32)">
            <summary>
            Spawn the character
            </summary>
            <param name="playerNum"></param>
        </member>
        <member name="P:BroMakerLib.NewBroInfo.newBroInfos">
            <summary>
            Custom character list
            </summary>
        </member>
        <member name="P:BroMakerLib.NewBroInfo.Names">
            <summary>
            Names array of the custom character
            </summary>
        </member>
        <member name="T:BroMakerLib.SwordBroMaker">
             <summary>
            
             </summary>
        </member>
        <member name="T:BroMakerLoadMod.Settings">
             <summary>
            
             </summary>
        </member>
        <member name="F:BroMakerLoadMod.Settings.DebugMode">
             <summary>
            
             </summary>
        </member>
        <member name="M:BroMakerLoadMod.Settings.Save(UnityModManagerNet.UnityModManager.ModEntry)">
             <summary>
            
             </summary>
             <param name="modEntry"></param>
        </member>
    </members>
</doc>
